{
    "name": "root",
    "gauges": {
        "RaceDriver.Policy.Entropy.mean": {
            "value": 1.4189386367797852,
            "min": 1.4189386367797852,
            "max": 1.4189386367797852,
            "count": 1
        },
        "RaceDriver.Policy.Entropy.sum": {
            "value": 7707.6748046875,
            "min": 7707.6748046875,
            "max": 7707.6748046875,
            "count": 1
        },
        "RaceDriver.Step.mean": {
            "value": 4984.0,
            "min": 4984.0,
            "max": 4984.0,
            "count": 1
        },
        "RaceDriver.Step.sum": {
            "value": 4984.0,
            "min": 4984.0,
            "max": 4984.0,
            "count": 1
        },
        "RaceDriver.Policy.ExtrinsicValueEstimate.mean": {
            "value": -0.21758393943309784,
            "min": -0.21758393943309784,
            "max": -0.21758393943309784,
            "count": 1
        },
        "RaceDriver.Policy.ExtrinsicValueEstimate.sum": {
            "value": -19.364971160888672,
            "min": -19.364971160888672,
            "max": -19.364971160888672,
            "count": 1
        },
        "RaceDriver.Environment.EpisodeLength.mean": {
            "value": 274.5,
            "min": 274.5,
            "max": 274.5,
            "count": 1
        },
        "RaceDriver.Environment.EpisodeLength.sum": {
            "value": 4392.0,
            "min": 4392.0,
            "max": 4392.0,
            "count": 1
        },
        "RaceDriver.Environment.CumulativeReward.mean": {
            "value": -54.23125266190618,
            "min": -54.23125266190618,
            "max": -54.23125266190618,
            "count": 1
        },
        "RaceDriver.Environment.CumulativeReward.sum": {
            "value": -867.7000425904989,
            "min": -867.7000425904989,
            "max": -867.7000425904989,
            "count": 1
        },
        "RaceDriver.Policy.ExtrinsicReward.mean": {
            "value": -54.23125266190618,
            "min": -54.23125266190618,
            "max": -54.23125266190618,
            "count": 1
        },
        "RaceDriver.Policy.ExtrinsicReward.sum": {
            "value": -867.7000425904989,
            "min": -867.7000425904989,
            "max": -867.7000425904989,
            "count": 1
        },
        "RaceDriver.IsTraining.mean": {
            "value": 1.0,
            "min": 1.0,
            "max": 1.0,
            "count": 1
        },
        "RaceDriver.IsTraining.sum": {
            "value": 1.0,
            "min": 1.0,
            "max": 1.0,
            "count": 1
        }
    },
    "metadata": {
        "timer_format_version": "0.1.0",
        "start_time_seconds": "1683884194",
        "python_version": "3.9.13 (main, Aug 25 2022, 23:51:50) [MSC v.1916 64 bit (AMD64)]",
        "command_line_arguments": "C:\\Users\\jmakh\\anaconda3\\Scripts\\mlagents-learn configuration.yaml --run-id=temp --force",
        "mlagents_version": "0.30.0",
        "mlagents_envs_version": "0.30.0",
        "communication_protocol_version": "1.5.0",
        "pytorch_version": "2.0.0+cpu",
        "numpy_version": "1.21.2",
        "end_time_seconds": "1683884280"
    },
    "total": 86.3073756,
    "count": 1,
    "self": 0.006418800000005831,
    "children": {
        "run_training.setup": {
            "total": 0.24483500000000014,
            "count": 1,
            "self": 0.24483500000000014
        },
        "TrainerController.start_learning": {
            "total": 86.0561218,
            "count": 1,
            "self": 0.022542800000067587,
            "children": {
                "TrainerController._reset_env": {
                    "total": 5.2846774,
                    "count": 1,
                    "self": 5.2846774
                },
                "TrainerController.advance": {
                    "total": 80.63860099999994,
                    "count": 907,
                    "self": 0.023697100000063642,
                    "children": {
                        "env_step": {
                            "total": 79.69924109999994,
                            "count": 907,
                            "self": 78.85775919999983,
                            "children": {
                                "SubprocessEnvManager._take_step": {
                                    "total": 0.826305700000102,
                                    "count": 907,
                                    "self": 0.0709708000000564,
                                    "children": {
                                        "TorchPolicy.evaluate": {
                                            "total": 0.7553349000000456,
                                            "count": 904,
                                            "self": 0.7553349000000456
                                        }
                                    }
                                },
                                "workers": {
                                    "total": 0.015176200000009743,
                                    "count": 906,
                                    "self": 0.0,
                                    "children": {
                                        "worker_root": {
                                            "total": 15.213746699999962,
                                            "count": 906,
                                            "is_parallel": true,
                                            "self": 3.1650003999999328,
                                            "children": {
                                                "steps_from_proto": {
                                                    "total": 0.001292300000000246,
                                                    "count": 1,
                                                    "is_parallel": true,
                                                    "self": 0.0002869000000016442,
                                                    "children": {
                                                        "_process_rank_one_or_two_observation": {
                                                            "total": 0.0010053999999986019,
                                                            "count": 10,
                                                            "is_parallel": true,
                                                            "self": 0.0010053999999986019
                                                        }
                                                    }
                                                },
                                                "UnityEnvironment.step": {
                                                    "total": 12.04745400000003,
                                                    "count": 906,
                                                    "is_parallel": true,
                                                    "self": 0.22838690000009798,
                                                    "children": {
                                                        "UnityEnvironment._generate_step_input": {
                                                            "total": 0.16984379999997312,
                                                            "count": 906,
                                                            "is_parallel": true,
                                                            "self": 0.16984379999997312
                                                        },
                                                        "communicator.exchange": {
                                                            "total": 10.962915700000007,
                                                            "count": 906,
                                                            "is_parallel": true,