{
    "name": "root",
    "gauges": {
        "RaceDriver.Policy.Entropy.mean": {
            "value": 1.3641053438186646,
            "min": 1.3620020151138306,
            "max": 1.4189385175704956,
            "count": 354
        },
        "RaceDriver.Policy.Entropy.sum": {
            "value": 1279.53076171875,
            "min": 969.9009399414062,
            "max": 2145.43505859375,
            "count": 354
        },
        "RaceDriver.Environment.EpisodeLength.mean": {
            "value": 158.0,
            "min": 40.0,
            "max": 1165.0,
            "count": 344
        },
        "RaceDriver.Environment.EpisodeLength.sum": {
            "value": 158.0,
            "min": 40.0,
            "max": 4735.0,
            "count": 344
        },
        "RaceDriver.Step.mean": {
            "value": 353956.0,
            "min": 965.0,
            "max": 353956.0,
            "count": 354
        },
        "RaceDriver.Step.sum": {
            "value": 353956.0,
            "min": 965.0,
            "max": 353956.0,
            "count": 354
        },
        "RaceDriver.Policy.ExtrinsicValueEstimate.mean": {
            "value": -1.5245640277862549,
            "min": -2.5444436073303223,
            "max": 0.20841245353221893,
            "count": 354
        },
        "RaceDriver.Policy.ExtrinsicValueEstimate.sum": {
            "value": -24.393024444580078,
            "min": -51.1580696105957,
            "max": 3.5932230949401855,
            "count": 354
        },
        "RaceDriver.Environment.CumulativeReward.mean": {
            "value": -5.901566718239337,
            "min": -14.313049615127966,
            "max": -4.70246665540617,
            "count": 344
        },
        "RaceDriver.Environment.CumulativeReward.sum": {
            "value": -5.901566718239337,
            "min": -100.81979987572413,
            "max": -4.70246665540617,
            "count": 344
        },
        "RaceDriver.Policy.ExtrinsicReward.mean": {
            "value": -5.901566718239337,
            "min": -14.313049615127966,
            "max": -4.70246665540617,
            "count": 344
        },
        "RaceDriver.Policy.ExtrinsicReward.sum": {
            "value": -5.901566718239337,
            "min": -100.81979987572413,
            "max": -4.70246665540617,
            "count": 344
        },
        "RaceDriver.IsTraining.mean": {
            "value": 1.0,
            "min": 1.0,
            "max": 1.0,
            "count": 354
        },
        "RaceDriver.IsTraining.sum": {
            "value": 1.0,
            "min": 1.0,
            "max": 1.0,
            "count": 354
        },
        "RaceDriver.Losses.PolicyLoss.mean": {
            "value": 0.03383718569142123,
            "min": 0.02336006984890749,
            "max": 0.040193069144152105,
            "count": 34
        },
        "RaceDriver.Losses.PolicyLoss.sum": {
            "value": 0.03383718569142123,
            "min": 0.02336006984890749,
            "max": 0.040193069144152105,
            "count": 34
        },
        "RaceDriver.Losses.ValueLoss.mean": {
            "value": 0.17286360822618008,
            "min": 0.17286360822618008,
            "max": 1.5432040830453237,
            "count": 34
        },
        "RaceDriver.Losses.ValueLoss.sum": {
            "value": 0.17286360822618008,
            "min": 0.17286360822618008,
            "max": 1.5432040830453237,
            "count": 34
        },
        "RaceDriver.Policy.LearningRate.mean": {
            "value": 0.00027904086698637997,
            "min": 0.00027904086698637997,
            "max": 0.00029938476020507996,
            "count": 34
        },
        "RaceDriver.Policy.LearningRate.sum": {
            "value": 0.00027904086698637997,
            "min": 0.00027904086698637997,
            "max": 0.00029938476020507996,
            "count": 34
        },
        "RaceDriver.Policy.Epsilon.mean": {
            "value": 0.19301362000000002,
            "min": 0.19301362000000002,
            "max": 0.19979492000000004,
            "count": 34
        },
        "RaceDriver.Policy.Epsilon.sum": {
            "value": 0.19301362000000002,
            "min": 0.19301362000000002,
            "max": 0.19979492000000004,
            "count": 34
        },
        "RaceDriver.Policy.Beta.mean": {
            "value": 0.004651379638,
            "min": 0.004651379638,
            "max": 0.0049897665079999985,
            "count": 34
        },
        "RaceDriver.Policy.Beta.sum": {
            "value": 0.004651379638,
            "min": 0.004651379638,
            "max": 0.0049897665079999985,
            "count": 34
        }
    },
    "metadata": {
        "timer_format_version": "0.1.0",
        "start_time_seconds": "1681733423",
        "python_version": "3.9.13 (main, Aug 25 2022, 23:51:50) [MSC v.1916 64 bit (AMD64)]",
        "command_line_arguments": "C:\\Users\\jmakh\\anaconda3\\Scripts\\mlagents-learn configuration.yaml --run-id=race_00 --force",
        "mlagents_version": "0.30.0",
        "mlagents_envs_version": "0.30.0",
        "communication_protocol_version": "1.5.0",
        "pytorch_version": "2.0.0+cpu",
        "numpy_version": "1.21.2",
        "end_time_seconds": "1681733882"
    },
    "total": 459.0521548,
    "count": 1,
    "self": 0.005437199999960285,
    "children": {
        "run_training.setup": {
            "total": 0.19066689999999964,
            "count": 1,
            "self": 0.19066689999999964
        },
        "TrainerController.start_learning": {
            "total": 458.8560507,
            "count": 1,
            "self": 0.7408314000000473,
            "children": {
                "TrainerController._reset_env": {
                    "total": 11.524976599999999,
                    "count": 1,
                    "self": 11.524976599999999
                },
                "TrainerController.advance": {
                    "total": 446.4517226,
                    "count": 26828,
                    "self": 0.7284350999984213,
                    "children": {
                        "env_step": {
                            "total": 347.458656800001,
                            "count": 26828,
                            "self": 325.0077510000048,
                            "children": {
                                "SubprocessEnvManager._take_step": {
                                    "total": 21.962014800000276,
                                    "count": 26828,
                                    "self": 2.108894900004721,
                                    "children": {
                                        "TorchPolicy.evaluate": {
                                            "total": 19.853119899995555,
                                            "count": 25357,
                                            "self": 19.853119899995555
                                        }
                                    }
                                },
                                "workers": {
                                    "total": 0.48889099999588836,
                                    "count": 26827,
                                    "self": 0.0,
                                    "children": {
                                        "worker_root": {
                                            "total": 382.38823680000155,
                                            "count": 26827,
                                            "is_parallel": true,
                                            "self": 166.48228370000203,
                                            "children": {
                                                "steps_from_proto": {
                                                    "total": 0.0006017000000007044,
                                                    "count": 1,
                                                    "is_parallel": true,