{
    "name": "root",
    "gauges": {
        "RaceDriver.Policy.Entropy.mean": {
            "value": 1.3536654710769653,
            "min": 1.3506735563278198,
            "max": 1.4256880283355713,
            "count": 758
        },
        "RaceDriver.Policy.Entropy.sum": {
            "value": 1667.7158203125,
            "min": 1178.5794677734375,
            "max": 1936.85107421875,
            "count": 758
        },
        "RaceDriver.Environment.EpisodeLength.mean": {
            "value": 726.0,
            "min": 35.0,
            "max": 11952.0,
            "count": 485
        },
        "RaceDriver.Environment.EpisodeLength.sum": {
            "value": 726.0,
            "min": 35.0,
            "max": 18274.0,
            "count": 485
        },
        "RaceDriver.Step.mean": {
            "value": 757978.0,
            "min": 969.0,
            "max": 757978.0,
            "count": 758
        },
        "RaceDriver.Step.sum": {
            "value": 757978.0,
            "min": 969.0,
            "max": 757978.0,
            "count": 758
        },
        "RaceDriver.Policy.ExtrinsicValueEstimate.mean": {
            "value": -0.2811512351036072,
            "min": -1.8863894939422607,
            "max": 0.3485816717147827,
            "count": 758
        },
        "RaceDriver.Policy.ExtrinsicValueEstimate.sum": {
            "value": -4.498419761657715,
            "min": -41.45600509643555,
            "max": 7.525115966796875,
            "count": 758
        },
        "RaceDriver.Environment.CumulativeReward.mean": {
            "value": -4.107746462686919,
            "min": -38.28592730930541,
            "max": -3.50910684466362,
            "count": 486
        },
        "RaceDriver.Environment.CumulativeReward.sum": {
            "value": -4.107746462686919,
            "min": -74.01520069781691,
            "max": -3.50910684466362,
            "count": 486
        },
        "RaceDriver.Policy.ExtrinsicReward.mean": {
            "value": -4.107746462686919,
            "min": -38.28592730930541,
            "max": -3.50910684466362,
            "count": 486
        },
        "RaceDriver.Policy.ExtrinsicReward.sum": {
            "value": -4.107746462686919,
            "min": -74.01520069781691,
            "max": -3.50910684466362,
            "count": 486
        },
        "RaceDriver.IsTraining.mean": {
            "value": 1.0,
            "min": 1.0,
            "max": 1.0,
            "count": 758
        },
        "RaceDriver.IsTraining.sum": {
            "value": 1.0,
            "min": 1.0,
            "max": 1.0,
            "count": 758
        },
        "RaceDriver.Losses.PolicyLoss.mean": {
            "value": 0.03442746573515857,
            "min": 0.024533385798955958,
            "max": 0.04194853681062038,
            "count": 73
        },
        "RaceDriver.Losses.PolicyLoss.sum": {
            "value": 0.03442746573515857,
            "min": 0.024533385798955958,
            "max": 0.04194853681062038,
            "count": 73
        },
        "RaceDriver.Losses.ValueLoss.mean": {
            "value": 0.014571292748829972,
            "min": 0.004293338806989292,
            "max": 1.3952991366386414,
            "count": 73
        },
        "RaceDriver.Losses.ValueLoss.sum": {
            "value": 0.014571292748829972,
            "min": 0.004293338806989292,
            "max": 1.3952991366386414,
            "count": 73
        },
        "RaceDriver.Policy.LearningRate.mean": {
            "value": 0.00025499365500212005,
            "min": 0.00025499365500212005,
            "max": 0.0002993849402050201,
            "count": 73
        },
        "RaceDriver.Policy.LearningRate.sum": {
            "value": 0.00025499365500212005,
            "min": 0.00025499365500212005,
            "max": 0.0002993849402050201,
            "count": 73
        },
        "RaceDriver.Policy.Epsilon.mean": {
            "value": 0.18499787999999998,
            "min": 0.18499787999999998,
            "max": 0.19979498000000004,
            "count": 73
        },
        "RaceDriver.Policy.Epsilon.sum": {
            "value": 0.18499787999999998,
            "min": 0.18499787999999998,
            "max": 0.19979498000000004,
            "count": 73
        },
        "RaceDriver.Policy.Beta.mean": {
            "value": 0.004251394212,
            "min": 0.004251394212,
            "max": 0.0049897695019999995,
            "count": 73
        },
        "RaceDriver.Policy.Beta.sum": {
            "value": 0.004251394212,
            "min": 0.004251394212,
            "max": 0.0049897695019999995,
            "count": 73
        }
    },
    "metadata": {
        "timer_format_version": "0.1.0",
        "start_time_seconds": "1682684912",
        "python_version": "3.9.13 (main, Aug 25 2022, 23:51:50) [MSC v.1916 64 bit (AMD64)]",
        "command_line_arguments": "C:\\Users\\jmakh\\anaconda3\\Scripts\\mlagents-learn configuration.yaml --run-id=Final_00 --force",
        "mlagents_version": "0.30.0",
        "mlagents_envs_version": "0.30.0",
        "communication_protocol_version": "1.5.0",
        "pytorch_version": "2.0.0+cpu",
        "numpy_version": "1.21.2",
        "end_time_seconds": "1682685939"
    },
    "total": 1026.953439,
    "count": 1,
    "self": 0.005387199999859149,
    "children": {
        "run_training.setup": {
            "total": 0.1828675999999998,
            "count": 1,
            "self": 0.1828675999999998
        },
        "TrainerController.start_learning": {
            "total": 1026.7651842,
            "count": 1,
            "self": 1.596232100001771,
            "children": {
                "TrainerController._reset_env": {
                    "total": 6.7132643000000005,
                    "count": 1,
                    "self": 6.7132643000000005
                },
                "TrainerController.advance": {
                    "total": 1018.4058082999983,
                    "count": 57106,
                    "self": 1.6795477000047185,
                    "children": {
                        "env_step": {
                            "total": 803.1993807999992,
                            "count": 57106,
                            "self": 754.3708370000104,
                            "children": {
                                "SubprocessEnvManager._take_step": {
                                    "total": 47.76952319999958,
                                    "count": 57106,
                                    "self": 4.4212115999949475,
                                    "children": {
                                        "TorchPolicy.evaluate": {
                                            "total": 43.348311600004635,
                                            "count": 55311,
                                            "self": 43.348311600004635
                                        }
                                    }
                                },
                                "workers": {
                                    "total": 1.0590205999892444,
                                    "count": 57105,
                                    "self": 0.0,
                                    "children": {
                                        "worker_root": {
                                            "total": 954.0655770999934,
                                            "count": 57105,
                                            "is_parallel": true,
                                            "self": 359.4350467000046,
                                            "children": {
                                                "steps_from_proto": {
                                                    "total": 0.0005771000000001081,
                                                    "count": 1,
                                                    "is_parallel": true,