{
    "name": "root",
    "gauges": {
        "RaceDriver.Policy.Entropy.mean": {
            "value": 1.172045111656189,
            "min": 1.1720449924468994,
            "max": 1.4195588827133179,
            "count": 1774
        },
        "RaceDriver.Policy.Entropy.sum": {
            "value": 1279.873291015625,
            "min": 1050.791259765625,
            "max": 1936.85107421875,
            "count": 1774
        },
        "RaceDriver.Environment.EpisodeLength.mean": {
            "value": 7369.0,
            "min": 17.5,
            "max": 55519.0,
            "count": 522
        },
        "RaceDriver.Environment.EpisodeLength.sum": {
            "value": 7369.0,
            "min": 35.0,
            "max": 55519.0,
            "count": 522
        },
        "RaceDriver.Step.mean": {
            "value": 1773964.0,
            "min": 968.0,
            "max": 1773964.0,
            "count": 1774
        },
        "RaceDriver.Step.sum": {
            "value": 1773964.0,
            "min": 968.0,
            "max": 1773964.0,
            "count": 1774
        },
        "RaceDriver.Policy.ExtrinsicValueEstimate.mean": {
            "value": -0.0812218114733696,
            "min": -2.026252269744873,
            "max": -0.07207741588354111,
            "count": 1774
        },
        "RaceDriver.Policy.ExtrinsicValueEstimate.sum": {
            "value": -1.2995489835739136,
            "min": -50.49836730957031,
            "max": -1.0811612606048584,
            "count": 1774
        },
        "RaceDriver.Environment.CumulativeReward.mean": {
            "value": -10.537000174634159,
            "min": -75.23267049761489,
            "max": -3.0741997184231877,
            "count": 522
        },
        "RaceDriver.Environment.CumulativeReward.sum": {
            "value": -10.537000174634159,
            "min": -108.02933267503977,
            "max": -3.0741997184231877,
            "count": 522
        },
        "RaceDriver.Policy.ExtrinsicReward.mean": {
            "value": -10.537000174634159,
            "min": -75.23267049761489,
            "max": -3.0741997184231877,
            "count": 522
        },
        "RaceDriver.Policy.ExtrinsicReward.sum": {
            "value": -10.537000174634159,
            "min": -108.02933267503977,
            "max": -3.0741997184231877,
            "count": 522
        },
        "RaceDriver.IsTraining.mean": {
            "value": 1.0,
            "min": 1.0,
            "max": 1.0,
            "count": 1774
        },
        "RaceDriver.IsTraining.sum": {
            "value": 1.0,
            "min": 1.0,
            "max": 1.0,
            "count": 1774
        },
        "RaceDriver.Losses.PolicyLoss.mean": {
            "value": 0.039623644618162264,
            "min": 0.024356281703027585,
            "max": 0.04152772138671328,
            "count": 172
        },
        "RaceDriver.Losses.PolicyLoss.sum": {
            "value": 0.039623644618162264,
            "min": 0.024356281703027585,
            "max": 0.04152772138671328,
            "count": 172
        },
        "RaceDriver.Losses.ValueLoss.mean": {
            "value": 0.0006761926022591069,
            "min": 0.00028476906057524803,
            "max": 1.198822985092799,
            "count": 172
        },
        "RaceDriver.Losses.ValueLoss.sum": {
            "value": 0.0006761926022591069,
            "min": 0.00028476906057524803,
            "max": 1.198822985092799,
            "count": 172
        },
        "RaceDriver.Policy.LearningRate.mean": {
            "value": 0.00019378089540638001,
            "min": 0.00019378089540638001,
            "max": 0.00029938476020507996,
            "count": 172
        },
        "RaceDriver.Policy.LearningRate.sum": {
            "value": 0.00019378089540638001,
            "min": 0.00019378089540638001,
            "max": 0.00029938476020507996,
            "count": 172
        },
        "RaceDriver.Policy.Epsilon.mean": {
            "value": 0.16459361999999997,
            "min": 0.16459361999999997,
            "max": 0.19979492000000004,
            "count": 172
        },
        "RaceDriver.Policy.Epsilon.sum": {
            "value": 0.16459361999999997,
            "min": 0.16459361999999997,
            "max": 0.19979492000000004,
            "count": 172
        },
        "RaceDriver.Policy.Beta.mean": {
            "value": 0.003233221638,
            "min": 0.003233221638,
            "max": 0.0049897665079999985,
            "count": 172
        },
        "RaceDriver.Policy.Beta.sum": {
            "value": 0.003233221638,
            "min": 0.003233221638,
            "max": 0.0049897665079999985,
            "count": 172
        }
    },
    "metadata": {
        "timer_format_version": "0.1.0",
        "start_time_seconds": "1682689079",
        "python_version": "3.9.13 (main, Aug 25 2022, 23:51:50) [MSC v.1916 64 bit (AMD64)]",
        "command_line_arguments": "C:\\Users\\jmakh\\anaconda3\\Scripts\\mlagents-learn configuration.yaml --run-id=Final_02 --force",
        "mlagents_version": "0.30.0",
        "mlagents_envs_version": "0.30.0",
        "communication_protocol_version": "1.5.0",
        "pytorch_version": "2.0.0+cpu",
        "numpy_version": "1.21.2",
        "end_time_seconds": "1682691098"
    },
    "total": 2018.9920693000001,
    "count": 1,
    "self": 0.005611700000144992,
    "children": {
        "run_training.setup": {
            "total": 0.18348839999999988,
            "count": 1,
            "self": 0.18348839999999988
        },
        "TrainerController.start_learning": {
            "total": 2018.8029692,
            "count": 1,
            "self": 3.397305300006792,
            "children": {
                "TrainerController._reset_env": {
                    "total": 32.1307585,
                    "count": 1,
                    "self": 32.1307585
                },
                "TrainerController.advance": {
                    "total": 1983.2344578999932,
                    "count": 128597,
                    "self": 3.321381499979452,
                    "children": {
                        "env_step": {
                            "total": 1504.8092936999876,
                            "count": 128597,
                            "self": 1394.5669574999977,
                            "children": {
                                "SubprocessEnvManager._take_step": {
                                    "total": 107.92090719998944,
                                    "count": 128597,
                                    "self": 10.027621300027107,
                                    "children": {
                                        "TorchPolicy.evaluate": {
                                            "total": 97.89328589996234,
                                            "count": 126841,
                                            "self": 97.89328589996234
                                        }
                                    }
                                },
                                "workers": {
                                    "total": 2.321429000000556,
                                    "count": 128596,
                                    "self": 0.0,
                                    "children": {
                                        "worker_root": {
                                            "total": 1919.0672780999914,
                                            "count": 128596,
                                            "is_parallel": true,
                                            "self": 804.1352283999533,
                                            "children": {
                                                "steps_from_proto": {
                                                    "total": 0.0004686000000049262,
                                                    "count": 1,
                                                    "is_parallel": true,