{
    "name": "root",
    "gauges": {
        "RaceDriver.Policy.Entropy.mean": {
            "value": 1.245421290397644,
            "min": 1.245421290397644,
            "max": 1.4266759157180786,
            "count": 2576
        },
        "RaceDriver.Policy.Entropy.sum": {
            "value": 1115.8974609375,
            "min": 209.99285888671875,
            "max": 2636.496826171875,
            "count": 2576
        },
        "RaceDriver.Step.mean": {
            "value": 2575938.0,
            "min": 960.0,
            "max": 2575938.0,
            "count": 2576
        },
        "RaceDriver.Step.sum": {
            "value": 2575938.0,
            "min": 960.0,
            "max": 2575938.0,
            "count": 2576
        },
        "RaceDriver.Policy.ExtrinsicValueEstimate.mean": {
            "value": -0.04773808270692825,
            "min": -0.4339088797569275,
            "max": 0.4587555527687073,
            "count": 2576
        },
        "RaceDriver.Policy.ExtrinsicValueEstimate.sum": {
            "value": -0.7160712480545044,
            "min": -6.94254207611084,
            "max": 7.252861499786377,
            "count": 2576
        },
        "RaceDriver.IsTraining.mean": {
            "value": 1.0,
            "min": 1.0,
            "max": 1.0,
            "count": 2576
        },
        "RaceDriver.IsTraining.sum": {
            "value": 1.0,
            "min": 1.0,
            "max": 1.0,
            "count": 2576
        },
        "RaceDriver.Environment.EpisodeLength.mean": {
            "value": 803.0,
            "min": 159.0,
            "max": 2119.0,
            "count": 322
        },
        "RaceDriver.Environment.EpisodeLength.sum": {
            "value": 11242.0,
            "min": 2226.0,
            "max": 29666.0,
            "count": 322
        },
        "RaceDriver.Environment.CumulativeReward.mean": {
            "value": 0.3652095817295568,
            "min": -2.595976177137345,
            "max": 1.689044550061226,
            "count": 461
        },
        "RaceDriver.Environment.CumulativeReward.sum": {
            "value": 5.112934144213796,
            "min": -36.34366647992283,
            "max": 9.586634209379554,
            "count": 461
        },
        "RaceDriver.Policy.ExtrinsicReward.mean": {
            "value": 0.3652095817295568,
            "min": -2.595976177137345,
            "max": 1.689044550061226,
            "count": 461
        },
        "RaceDriver.Policy.ExtrinsicReward.sum": {
            "value": 5.112934144213796,
            "min": -36.34366647992283,
            "max": 9.586634209379554,
            "count": 461
        },
        "RaceDriver.Losses.PolicyLoss.mean": {
            "value": 0.03455372359603644,
            "min": 0.0254417781989711,
            "max": 0.04195926160706828,
            "count": 240
        },
        "RaceDriver.Losses.PolicyLoss.sum": {
            "value": 0.03455372359603644,
            "min": 0.0254417781989711,
            "max": 0.04195926160706828,
            "count": 240
        },
        "RaceDriver.Losses.ValueLoss.mean": {
            "value": 0.023761591346313556,
            "min": 0.0003609465338596483,
            "max": 0.049221205421619944,
            "count": 240
        },
        "RaceDriver.Losses.ValueLoss.sum": {
            "value": 0.023761591346313556,
            "min": 0.0003609465338596483,
            "max": 0.049221205421619944,
            "count": 240
        },
        "RaceDriver.Policy.LearningRate.mean": {
            "value": 0.00014606585131140005,
            "min": 0.00014606585131140005,
            "max": 0.0002993523602158801,
            "count": 240
        },
        "RaceDriver.Policy.LearningRate.sum": {
            "value": 0.00014606585131140005,
            "min": 0.00014606585131140005,
            "max": 0.0002993523602158801,
            "count": 240
        },
        "RaceDriver.Policy.Epsilon.mean": {
            "value": 0.1486886,
            "min": 0.1486886,
            "max": 0.19978412000000006,
            "count": 240
        },
        "RaceDriver.Policy.Epsilon.sum": {
            "value": 0.1486886,
            "min": 0.1486886,
            "max": 0.19978412000000006,
            "count": 240
        },
        "RaceDriver.Policy.Beta.mean": {
            "value": 0.0024395611399999997,
            "min": 0.0024395611399999997,
            "max": 0.0049892275880000034,
            "count": 240
        },
        "RaceDriver.Policy.Beta.sum": {
            "value": 0.0024395611399999997,
            "min": 0.0024395611399999997,
            "max": 0.0049892275880000034,
            "count": 240
        }
    },
    "metadata": {
        "timer_format_version": "0.1.0",
        "start_time_seconds": "1683513168",
        "python_version": "3.9.13 (main, Aug 25 2022, 23:51:50) [MSC v.1916 64 bit (AMD64)]",
        "command_line_arguments": "C:\\Users\\jmakh\\anaconda3\\Scripts\\mlagents-learn configuration.yaml --run-id=FinalRun_00 --force",
        "mlagents_version": "0.30.0",
        "mlagents_envs_version": "0.30.0",
        "communication_protocol_version": "1.5.0",
        "pytorch_version": "2.0.0+cpu",
        "numpy_version": "1.21.2",
        "end_time_seconds": "1683516690"
    },
    "total": 3521.8181297,
    "count": 1,
    "self": 0.04788310000003548,
    "children": {
        "run_training.setup": {
            "total": 0.19386030000000032,
            "count": 1,
            "self": 0.19386030000000032
        },
        "TrainerController.start_learning": {
            "total": 3521.5763863,
            "count": 1,
            "self": 5.5291132000133985,
            "children": {
                "TrainerController._reset_env": {
                    "total": 5.5182026,
                    "count": 1,
                    "self": 5.5182026
                },
                "TrainerController.advance": {
                    "total": 3510.4649234999865,
                    "count": 184371,
                    "self": 6.017931500026407,
                    "children": {
                        "env_step": {
                            "total": 2466.4010806999813,
                            "count": 184371,
                            "self": 2250.682480300036,
                            "children": {
                                "SubprocessEnvManager._take_step": {
                                    "total": 212.10834720000852,
                                    "count": 184371,
                                    "self": 17.59292179996197,
                                    "children": {
                                        "TorchPolicy.evaluate": {
                                            "total": 194.51542540004655,
                                            "count": 184049,
                                            "self": 194.51542540004655
                                        }
                                    }
                                },
                                "workers": {
                                    "total": 3.6102531999371177,
                                    "count": 184371,
                                    "self": 0.0,
                                    "children": {
                                        "worker_root": {
                                            "total": 3509.292699199967,
                                            "count": 184371,
                                            "is_parallel": true,
                                            "self": 1609.1500818001036,
                                            "children": {
                                                "steps_from_proto": {
                                                    "total": 0.0004811000000000121,
                                                    "count": 1,
                                                    "is_parallel": true,