{
    "name": "root",
    "gauges": {
        "Drive.Policy.Entropy.mean": {
            "value": 1.3815476894378662,
            "min": 1.381543517112732,
            "max": 1.419420838356018,
            "count": 500
        },
        "Drive.Policy.Entropy.sum": {
            "value": 1398.126220703125,
            "min": 1251.50439453125,
            "max": 1587.586669921875,
            "count": 500
        },
        "Drive.Environment.EpisodeLength.mean": {
            "value": 0.8058076225045372,
            "min": 0.6513157894736842,
            "max": 4.5,
            "count": 500
        },
        "Drive.Environment.EpisodeLength.sum": {
            "value": 444.0,
            "min": 396.0,
            "max": 819.0,
            "count": 500
        },
        "Drive.Step.mean": {
            "value": 499999.0,
            "min": 999.0,
            "max": 499999.0,
            "count": 500
        },
        "Drive.Step.sum": {
            "value": 499999.0,
            "min": 999.0,
            "max": 499999.0,
            "count": 500
        },
        "Drive.Policy.ExtrinsicValueEstimate.mean": {
            "value": -0.2223106175661087,
            "min": -0.24137665331363678,
            "max": 0.35895437002182007,
            "count": 500
        },
        "Drive.Policy.ExtrinsicValueEstimate.sum": {
            "value": -123.16007995605469,
            "min": -137.57810974121094,
            "max": 147.8794708251953,
            "count": 500
        },
        "Drive.Environment.CumulativeReward.mean": {
            "value": -0.1967509025270758,
            "min": -0.20964360587002095,
            "max": -0.1804556354916067,
            "count": 500
        },
        "Drive.Environment.CumulativeReward.sum": {
            "value": -109.0,
            "min": -120.0,
            "max": -35.5,
            "count": 500
        },
        "Drive.Policy.ExtrinsicReward.mean": {
            "value": -0.1967509025270758,
            "min": -0.20964360587002095,
            "max": -0.1804556354916067,
            "count": 500
        },
        "Drive.Policy.ExtrinsicReward.sum": {
            "value": -109.0,
            "min": -120.0,
            "max": -35.5,
            "count": 500
        },
        "Drive.IsTraining.mean": {
            "value": 1.0,
            "min": 1.0,
            "max": 1.0,
            "count": 500
        },
        "Drive.IsTraining.sum": {
            "value": 1.0,
            "min": 1.0,
            "max": 1.0,
            "count": 500
        },
        "Drive.Losses.PolicyLoss.mean": {
            "value": 0.025951104750856758,
            "min": 0.01695278948949029,
            "max": 0.03238944208715111,
            "count": 48
        },
        "Drive.Losses.PolicyLoss.sum": {
            "value": 0.025951104750856758,
            "min": 0.01695278948949029,
            "max": 0.03238944208715111,
            "count": 48
        },
        "Drive.Losses.ValueLoss.mean": {
            "value": 0.0008361595003710439,
            "min": 0.0007304538526417066,
            "max": 0.45741045524676643,
            "count": 48
        },
        "Drive.Losses.ValueLoss.sum": {
            "value": 0.0008361595003710439,
            "min": 0.0007304538526417066,
            "max": 0.45741045524676643,
            "count": 48
        },
        "Drive.Policy.LearningRate.mean": {
            "value": 4.982498339199986e-06,
            "min": 4.982498339199986e-06,
            "max": 0.00029385420204859993,
            "count": 48
        },
        "Drive.Policy.LearningRate.sum": {
            "value": 4.982498339199986e-06,
            "min": 4.982498339199986e-06,
            "max": 0.00029385420204859993,
            "count": 48
        },
        "Drive.Policy.Epsilon.mean": {
            "value": 0.10166079999999997,
            "min": 0.10166079999999997,
            "max": 0.1979514,
            "count": 48
        },
        "Drive.Policy.Epsilon.sum": {
            "value": 0.10166079999999997,
            "min": 0.10166079999999997,
            "max": 0.1979514,
            "count": 48
        },
        "Drive.Policy.Beta.mean": {
            "value": 9.287391999999976e-05,
            "min": 9.287391999999976e-05,
            "max": 0.004897774860000001,
            "count": 48
        },
        "Drive.Policy.Beta.sum": {
            "value": 9.287391999999976e-05,
            "min": 9.287391999999976e-05,
            "max": 0.004897774860000001,
            "count": 48
        }
    },
    "metadata": {
        "timer_format_version": "0.1.0",
        "start_time_seconds": "1679527972",
        "python_version": "3.9.13 (main, Aug 25 2022, 23:51:50) [MSC v.1916 64 bit (AMD64)]",
        "command_line_arguments": "C:\\Users\\jmakh\\anaconda3\\Scripts\\mlagents-learn configuration.yaml --run-id=test_02 --force",
        "mlagents_version": "0.30.0",
        "mlagents_envs_version": "0.30.0",
        "communication_protocol_version": "1.5.0",
        "pytorch_version": "2.0.0+cpu",
        "numpy_version": "1.21.2",
        "end_time_seconds": "1679529394"
    },
    "total": 1422.2421472,
    "count": 1,
    "self": 0.01091550000001007,
    "children": {
        "run_training.setup": {
            "total": 0.22046259999999984,
            "count": 1,
            "self": 0.22046259999999984
        },
        "TrainerController.start_learning": {
            "total": 1422.0107691,
            "count": 1,
            "self": 3.6244693999749416,
            "children": {
                "TrainerController._reset_env": {
                    "total": 7.564672000000001,
                    "count": 1,
                    "self": 7.564672000000001
                },
                "TrainerController.advance": {
                    "total": 1410.751739300025,
                    "count": 104668,
                    "self": 3.1038471000604204,
                    "children": {
                        "env_step": {
                            "total": 873.9232198999701,
                            "count": 104668,
                            "self": 848.1245286999704,
                            "children": {
                                "SubprocessEnvManager._take_step": {
                                    "total": 23.8377053000033,
                                    "count": 104669,
                                    "self": 2.9136288999893054,
                                    "children": {
                                        "TorchPolicy.evaluate": {
                                            "total": 20.924076400013995,
                                            "count": 22731,
                                            "self": 20.924076400013995
                                        }
                                    }
                                },
                                "workers": {
                                    "total": 1.9609858999964462,
                                    "count": 104668,
                                    "self": 0.0,
                                    "children": {
                                        "worker_root": {
                                            "total": 1376.3242545999965,
                                            "count": 104668,
                                            "is_parallel": true,
                                            "self": 707.1639333000006,
                                            "children": {
                                                "steps_from_proto": {
                                                    "total": 0.0011535000000062468,
                                                    "count": 2,
                                                    "is_parallel": true,
                                                    "self": 0.0002844000000097324,