{
    "name": "root",
    "gauges": {
        "RaceDriver.Policy.Entropy.mean": {
            "value": 1.3658831119537354,
            "min": 1.3622512817382812,
            "max": 1.4250086545944214,
            "count": 883
        },
        "RaceDriver.Policy.Entropy.sum": {
            "value": 1415.054931640625,
            "min": 1112.479248046875,
            "max": 2272.90966796875,
            "count": 883
        },
        "RaceDriver.Environment.EpisodeLength.mean": {
            "value": 1773.0,
            "min": 19.666666666666668,
            "max": 13216.0,
            "count": 559
        },
        "RaceDriver.Environment.EpisodeLength.sum": {
            "value": 1773.0,
            "min": 23.0,
            "max": 14579.0,
            "count": 559
        },
        "RaceDriver.Step.mean": {
            "value": 882972.0,
            "min": 957.0,
            "max": 882972.0,
            "count": 883
        },
        "RaceDriver.Step.sum": {
            "value": 882972.0,
            "min": 957.0,
            "max": 882972.0,
            "count": 883
        },
        "RaceDriver.Policy.ExtrinsicValueEstimate.mean": {
            "value": -0.35622480511665344,
            "min": -2.0207653045654297,
            "max": 0.036628834903240204,
            "count": 883
        },
        "RaceDriver.Policy.ExtrinsicValueEstimate.sum": {
            "value": -5.699596881866455,
            "min": -57.11058807373047,
            "max": 0.8424631953239441,
            "count": 883
        },
        "RaceDriver.Environment.CumulativeReward.mean": {
            "value": -8.979133477434516,
            "min": -48.45030131484964,
            "max": -3.105653498787433,
            "count": 559
        },
        "RaceDriver.Environment.CumulativeReward.sum": {
            "value": -8.979133477434516,
            "min": -107.61142776580527,
            "max": -3.105653498787433,
            "count": 559
        },
        "RaceDriver.Policy.ExtrinsicReward.mean": {
            "value": -8.979133477434516,
            "min": -48.45030131484964,
            "max": -3.105653498787433,
            "count": 559
        },
        "RaceDriver.Policy.ExtrinsicReward.sum": {
            "value": -8.979133477434516,
            "min": -107.61142776580527,
            "max": -3.105653498787433,
            "count": 559
        },
        "RaceDriver.IsTraining.mean": {
            "value": 1.0,
            "min": 1.0,
            "max": 1.0,
            "count": 883
        },
        "RaceDriver.IsTraining.sum": {
            "value": 1.0,
            "min": 1.0,
            "max": 1.0,
            "count": 883
        },
        "RaceDriver.Losses.PolicyLoss.mean": {
            "value": 0.034308098489418626,
            "min": 0.026256547464678686,
            "max": 0.0433181437663734,
            "count": 85
        },
        "RaceDriver.Losses.PolicyLoss.sum": {
            "value": 0.034308098489418626,
            "min": 0.026256547464678686,
            "max": 0.0433181437663734,
            "count": 85
        },
        "RaceDriver.Losses.ValueLoss.mean": {
            "value": 0.031287918286398056,
            "min": 0.004884631555372229,
            "max": 1.1609664152065913,
            "count": 85
        },
        "RaceDriver.Losses.ValueLoss.sum": {
            "value": 0.031287918286398056,
            "min": 0.004884631555372229,
            "max": 1.1609664152065913,
            "count": 85
        },
        "RaceDriver.Policy.LearningRate.mean": {
            "value": 0.00024748525750492,
            "min": 0.00024748525750492,
            "max": 0.0002993833802055401,
            "count": 85
        },
        "RaceDriver.Policy.LearningRate.sum": {
            "value": 0.00024748525750492,
            "min": 0.00024748525750492,
            "max": 0.0002993833802055401,
            "count": 85
        },
        "RaceDriver.Policy.Epsilon.mean": {
            "value": 0.18249508000000006,
            "min": 0.18249508000000006,
            "max": 0.19979445999999998,
            "count": 85
        },
        "RaceDriver.Policy.Epsilon.sum": {
            "value": 0.18249508000000006,
            "min": 0.18249508000000006,
            "max": 0.19979445999999998,
            "count": 85
        },
        "RaceDriver.Policy.Beta.mean": {
            "value": 0.004126504492,
            "min": 0.004126504492,
            "max": 0.004989743554,
            "count": 85
        },
        "RaceDriver.Policy.Beta.sum": {
            "value": 0.004126504492,
            "min": 0.004126504492,
            "max": 0.004989743554,
            "count": 85
        }
    },
    "metadata": {
        "timer_format_version": "0.1.0",
        "start_time_seconds": "1682687127",
        "python_version": "3.9.13 (main, Aug 25 2022, 23:51:50) [MSC v.1916 64 bit (AMD64)]",
        "command_line_arguments": "C:\\Users\\jmakh\\anaconda3\\Scripts\\mlagents-learn configuration.yaml --run-id=Final_01",
        "mlagents_version": "0.30.0",
        "mlagents_envs_version": "0.30.0",
        "communication_protocol_version": "1.5.0",
        "pytorch_version": "2.0.0+cpu",
        "numpy_version": "1.21.2",
        "end_time_seconds": "1682688278"
    },
    "total": 1151.723816,
    "count": 1,
    "self": 0.005469199999879493,
    "children": {
        "run_training.setup": {
            "total": 0.19709849999999962,
            "count": 1,
            "self": 0.19709849999999962
        },
        "TrainerController.start_learning": {
            "total": 1151.5212483,
            "count": 1,
            "self": 1.7814616999844475,
            "children": {
                "TrainerController._reset_env": {
                    "total": 6.9356817,
                    "count": 1,
                    "self": 6.9356817
                },
                "TrainerController.advance": {
                    "total": 1142.7606070000156,
                    "count": 65381,
                    "self": 1.769713000008096,
                    "children": {
                        "env_step": {
                            "total": 905.6101241000025,
                            "count": 65381,
                            "self": 851.5518279999841,
                            "children": {
                                "SubprocessEnvManager._take_step": {
                                    "total": 52.891243200024775,
                                    "count": 65382,
                                    "self": 4.850347700040118,
                                    "children": {
                                        "TorchPolicy.evaluate": {
                                            "total": 48.04089549998466,
                                            "count": 63355,
                                            "self": 48.04089549998466
                                        }
                                    }
                                },
                                "workers": {
                                    "total": 1.1670528999936245,
                                    "count": 65380,
                                    "self": 0.0,
                                    "children": {
                                        "worker_root": {
                                            "total": 1081.9757730999888,
                                            "count": 65380,
                                            "is_parallel": true,
                                            "self": 398.28199530000256,
                                            "children": {
                                                "steps_from_proto": {
                                                    "total": 0.0025449000000019595,
                                                    "count": 2,
                                                    "is_parallel": true,
                                                    "self": 0.0004186999999982177,